{
  "orig_avg_path_w": 40.69041200142117,
  "orig_avg_path_l": 4667.391019604027,
  "avg_path_1000_100_weight": 36.499767083224654,
  "avg_path_1000_100_length": 4177.740673152866,
  "avg_path_1000_200_weight": 31.05011891881158,
  "avg_path_1000_200_length": 3538.0748255299272
}