{
  "orig_avg_path_w": 162.7616480056847,
  "orig_avg_path_l": 4667.391019604027,
  "avg_path_w": 145.99906833289862,
  "avg_path_l": 4177.740673152866
}